{
  "ID_001": {
    "x": 883.8123577997832,
    "y": -518.0530264180601
  },
  "ID_002": {
    "x": -306.2752645765105,
    "y": -624.7459807175771
  },
  "ID_003": {
    "x": 666.5975977375628,
    "y": -682.3144543057754
  },
  "ID_004": {
    "x": 949.9916998892281,
    "y": -231.1057898036179
  },
  "ID_005": {
    "x": 823.6930752854977,
    "y": 13.544577638511853
  },
  "ID_006": {
    "x": 360.2759086959391,
    "y": -673.4497341667793
  },
  "ID_007": {
    "x": 240.8528981644122,
    "y": -352.3409686771784
  },
  "ID_008": {
    "x": 556.001682290699,
    "y": 113.38265707734948
  },
  "ID_009": {
    "x": -33.92276418053789,
    "y": -433.42942332367215
  },
  "ID_010": {
    "x": 1.4896882839495902,
    "y": -58.24598850917731
  },
  "ID_011": {
    "x": -227.06542093292177,
    "y": 301.62269448386684
  },
  "ID_012": {
    "x": 471.07336011353664,
    "y": -154.78587404485143
  },
  "ID_013": {
    "x": 219.97815247316606,
    "y": 113.76630541159511
  },
  "ID_014": {
    "x": 314.49860556427325,
    "y": 415.0042553102958
  },
  "ID_015": {
    "x": -603.5028088982492,
    "y": 56.58316706676635
  },
  "ID_016": {
    "x": 1321.426557909315,
    "y": -601.4144507999615
  }
}