{
  "ID_001": {
    "x": 883.8123577997832,
    "y": -518.0530264180601
  },
  "ID_002": {
    "x": -122.90428156473831,
    "y": -582.1220171868042
  },
  "ID_003": {
    "x": 361.1667418675049,
    "y": -168.4838153358499
  },
  "ID_004": {
    "x": 1022.0726490127524,
    "y": -210.16747829117963
  },
  "ID_005": {
    "x": 793.8950321783477,
    "y": 80.60704723419262
  },
  "ID_006": {
    "x": 760,
    "y": 300
  },
  "ID_007": {
    "x": 80,
    "y": 520
  }
}