{
  "ID_001": {
    "x": 883.8123577997832,
    "y": -518.0530264180601
  },
  "ID_002": {
    "x": 462.287825886909,
    "y": -325.16266231220266
  }
}