{
  "ID_001": {
    "x": 2355.943615582188,
    "y": -758.0744778804659
  },
  "ID_002": {
    "x": -906.1785648623826,
    "y": -1134.6471008895041
  },
  "ID_003": {
    "x": -681.175571993182,
    "y": -655.0599121889829
  },
  "ID_004": {
    "x": 2891.3364782142758,
    "y": -955.4524778944284
  },
  "ID_005": {
    "x": 809.1299945313087,
    "y": -363.65253875396013
  },
  "ID_006": {
    "x": -1047.4939877446855,
    "y": -278.6375714972653
  },
  "ID_007": {
    "x": -980.6390347624499,
    "y": -579.1807254645657
  },
  "ID_008": {
    "x": 581.8380713703093,
    "y": 469.71624735539115
  },
  "ID_009": {
    "x": 356.1397802237933,
    "y": -432.4467444212331
  },
  "ID_010": {
    "x": -764.2157261959917,
    "y": 1103.5229775590738
  },
  "ID_011": {
    "x": -220.52413605897505,
    "y": 970.1197765485038
  },
  "ID_012": {
    "x": 243.1360795207736,
    "y": 96.13667854045916
  },
  "ID_013": {
    "x": 140.30904888100207,
    "y": 316.178816701351
  },
  "ID_014": {
    "x": 162.2505213481788,
    "y": 574.7955189823662
  },
  "ID_015": {
    "x": -1036.6052223159127,
    "y": 510.9523954623602
  },
  "ID_016": {
    "x": 2732.178328879362,
    "y": -1390.0962077101087
  },
  "ID_017": {
    "x": 1648.5257587185506,
    "y": -1131.9456459857909
  },
  "ID_018": {
    "x": 2088.3315088851955,
    "y": -1497.6137778489037
  },
  "ID_019": {
    "x": -37.0025922802928,
    "y": -733.8809282221563
  },
  "ID_020": {
    "x": 2328.116145381722,
    "y": -443.3696804098864
  },
  "ID_021": {
    "x": 773.1162170641066,
    "y": 185.35618783423865
  },
  "ID_022": {
    "x": 1120.0425379211538,
    "y": 359.7681251786696
  },
  "ID_023": {
    "x": -161.27164716396356,
    "y": -38.076586844769764
  },
  "ID_024": {
    "x": 1228.3574875989607,
    "y": 17.939441473839956
  },
  "ID_025": {
    "x": 1521.4772166655855,
    "y": -362.6317458983919
  },
  "ID_026": {
    "x": 424.342244593309,
    "y": -164.9922836774008
  },
  "ID_027": {
    "x": 669.1939593730817,
    "y": -640.6591385965834
  },
  "ID_028": {
    "x": -587.9965296489405,
    "y": -299.97133647834767
  },
  "ID_029": {
    "x": -341.5665200353654,
    "y": -650.1808584181841
  },
  "ID_030": {
    "x": -718.2259871593964,
    "y": 268.7974528727997
  },
  "ID_031": {
    "x": 579.4338235797543,
    "y": -1192.0269169649348
  },
  "ID_032": {
    "x": 433.31704720566347,
    "y": -903.5353426298251
  },
  "ID_033": {
    "x": 120.13017387358845,
    "y": -1205.670875669196
  },
  "ID_034": {
    "x": -114.89032460371739,
    "y": 268.2880403618414
  },
  "ID_035": {
    "x": -1184.9259753192855,
    "y": 87.35449560016129
  },
  "ID_036": {
    "x": -580.7921356675783,
    "y": -94.31136519233021
  },
  "ID_037": {
    "x": 95.81205919651205,
    "y": 1125.2501208467638
  },
  "ID_038": {
    "x": 211.85960159739778,
    "y": 782.5194895396033
  },
  "ID_039": {
    "x": -269.51122203840987,
    "y": 650.0494385378139
  },
  "ID_040": {
    "x": 625.431998817075,
    "y": 993.3216693244467
  },
  "ID_041": {
    "x": -933.8954298436357,
    "y": 809.6581676432306
  },
  "ID_042": {
    "x": -1469.4885373848997,
    "y": 937.6347416006682
  },
  "ID_043": {
    "x": 956.899148782716,
    "y": 566.8274310354726
  },
  "ID_044": {
    "x": -465.400782650816,
    "y": -970.8573920548234
  },
  "ID_045": {
    "x": 960.8820462561504,
    "y": -997.6868634083097
  },
  "ID_046": {
    "x": 1710.6947073930885,
    "y": -149.57505081101294
  },
  "ID_047": {
    "x": 872.2822195822339,
    "y": -36.68950773761989
  },
  "ID_048": {
    "x": 1050.5353455090885,
    "y": -299.14369846726174
  },
  "ID_049": {
    "x": -283.4474963346204,
    "y": -409.41218627746355
  },
  "ID_050": {
    "x": 123.95094147438408,
    "y": -360.0633642202676
  },
  "ID_051": {
    "x": -551.6068847678205,
    "y": 488.25109905872915
  },
  "ID_052": {
    "x": 666.7489885984982,
    "y": -911.2581486023336
  },
  "ID_053": {
    "x": 1974.9148008666725,
    "y": -377.57974837962155
  },
  "ID_054": {
    "x": 1616.86762510179,
    "y": -564.6868142896755
  },
  "ID_055": {
    "x": 1154.4862258234962,
    "y": -814.917238934861
  },
  "ID_056": {
    "x": 1670.5706076601955,
    "y": -804.3394534409347
  },
  "ID_057": {
    "x": -1495.0808322412033,
    "y": -509.057723522145
  },
  "ID_058": {
    "x": -1280.97754521896,
    "y": -888.1575088509279
  },
  "ID_059": {
    "x": 2159.7856158628238,
    "y": -177.15816954291023
  },
  "ID_060": {
    "x": 605.8525912930011,
    "y": 1259.214399210904
  },
  "ID_061": {
    "x": 997.9218090695556,
    "y": -1396.3505030853871
  },
  "ID_062": {
    "x": 1359.6612374229878,
    "y": -1123.7744999710192
  },
  "ID_063": {
    "x": 1457.77263427268,
    "y": -1484.6718469155858
  },
  "ID_064": {
    "x": 761.2638653352237,
    "y": 762.9001239194248
  },
  "ID_065": {
    "x": 133.86544300326167,
    "y": -198.99825519355045
  },
  "ID_066": {
    "x": -123.93894825900185,
    "y": -1069.6343233023945
  },
  "ID_067": {
    "x": 1115.0456523391533,
    "y": 863.0578628655097
  },
  "ID_068": {
    "x": 1456.5177375110536,
    "y": 600.6037850544498
  }
}