{
  "ID_001": {
    "x": 972.4178835153514,
    "y": -107.94973235785938
  },
  "ID_002": {
    "x": 490.57795624020196,
    "y": -53.105438376862026
  }
}