{
  "ID_001": {
    "x": 1329.3199522892965,
    "y": -643.7742724531197
  },
  "ID_002": {
    "x": -1141.8784819855255,
    "y": -896.2619367920341
  },
  "ID_003": {
    "x": -681.175571993182,
    "y": -655.0599121889829
  },
  "ID_004": {
    "x": 2442.4483987177887,
    "y": -876.4814268718983
  },
  "ID_005": {
    "x": 767.0155460553415,
    "y": -327.15335007478853
  },
  "ID_006": {
    "x": -1047.4939877446855,
    "y": -278.6375714972653
  },
  "ID_007": {
    "x": -980.6390347624499,
    "y": -579.1807254645657
  },
  "ID_008": {
    "x": 581.8380713703093,
    "y": 469.71624735539115
  },
  "ID_009": {
    "x": 356.1397802237933,
    "y": -432.4467444212331
  },
  "ID_010": {
    "x": -450.96686017229285,
    "y": 1244.9324656497722
  },
  "ID_011": {
    "x": -220.52413605897505,
    "y": 970.1197765485038
  },
  "ID_012": {
    "x": 243.1360795207736,
    "y": 96.13667854045916
  },
  "ID_013": {
    "x": 140.30904888100207,
    "y": 316.178816701351
  },
  "ID_014": {
    "x": 162.2505213481788,
    "y": 574.7955189823662
  },
  "ID_015": {
    "x": -1036.6052223159127,
    "y": 510.9523954623602
  },
  "ID_016": {
    "x": 2171.0682295087536,
    "y": -1349.0520430339252
  },
  "ID_017": {
    "x": 1646.4475731653263,
    "y": -1144.4147593051375
  },
  "ID_018": {
    "x": 1369.2793074695262,
    "y": -1385.391757974782
  },
  "ID_019": {
    "x": 45.995524223248935,
    "y": -696.828197640218
  },
  "ID_020": {
    "x": -518.6830780356518,
    "y": -1129.845200870174
  },
  "ID_021": {
    "x": 773.1162170641066,
    "y": 185.35618783423865
  },
  "ID_022": {
    "x": 1120.0425379211538,
    "y": 359.7681251786696
  },
  "ID_023": {
    "x": -153.71767046472473,
    "y": -134.76748859502692
  },
  "ID_024": {
    "x": 1228.3574875989607,
    "y": 17.939441473839956
  },
  "ID_025": {
    "x": 1502.8571730630406,
    "y": -404.52684400411806
  },
  "ID_026": {
    "x": 424.342244593309,
    "y": -164.9922836774008
  },
  "ID_027": {
    "x": 669.1939593730817,
    "y": -640.6591385965834
  },
  "ID_028": {
    "x": -587.9965296489405,
    "y": -299.97133647834767
  },
  "ID_029": {
    "x": -341.5665200353654,
    "y": -650.1808584181841
  },
  "ID_030": {
    "x": -718.2259871593964,
    "y": 268.7974528727997
  },
  "ID_031": {
    "x": 346.742675525182,
    "y": -1022.5106745525671
  },
  "ID_032": {
    "x": 310.3019816736284,
    "y": -758.288638748627
  },
  "ID_033": {
    "x": -82.3140874910214,
    "y": -959.3861331422154
  },
  "ID_034": {
    "x": -114.89032460371739,
    "y": 268.2880403618414
  },
  "ID_035": {
    "x": -1184.9259753192855,
    "y": 87.35449560016129
  },
  "ID_036": {
    "x": -580.7921356675783,
    "y": -94.31136519233021
  },
  "ID_037": {
    "x": 65.38216935420988,
    "y": 1127.0401143668992
  },
  "ID_038": {
    "x": 211.85960159739778,
    "y": 782.5194895396033
  },
  "ID_039": {
    "x": -269.51122203840987,
    "y": 650.0494385378139
  },
  "ID_040": {
    "x": 560.3325396591515,
    "y": 1017.3056805931553
  },
  "ID_041": {
    "x": -933.8954298436357,
    "y": 809.6581676432306
  },
  "ID_042": {
    "x": -1469.4885373848997,
    "y": 937.6347416006682
  },
  "ID_043": {
    "x": 956.899148782716,
    "y": 566.8274310354726
  },
  "ID_044": {
    "x": -452.0617996413182,
    "y": -846.3602172995109
  },
  "ID_045": {
    "x": 1018.8535745933382,
    "y": -620.4077569052189
  },
  "ID_046": {
    "x": 1712.5361242955003,
    "y": -167.98921983513065
  },
  "ID_047": {
    "x": 872.2822195822339,
    "y": -36.68950773761989
  },
  "ID_048": {
    "x": 1050.5353455090885,
    "y": -299.14369846726174
  },
  "ID_049": {
    "x": -283.4474963346204,
    "y": -409.41218627746355
  },
  "ID_050": {
    "x": 135.0067565751747,
    "y": -280.19125023307595
  },
  "ID_051": {
    "x": -551.6068847678205,
    "y": 488.25109905872915
  },
  "ID_052": {
    "x": 939.1893025839714,
    "y": -878.7279618577994
  }
}