{
  "ID_001": {
    "x": 612.9713308574807,
    "y": -390.58325257135334
  },
  "ID_002": {
    "x": 448.75159446651287,
    "y": -58.41927843969132
  }
}